catalogue_number;product_id;qr_payload;reference;designation;prix_ttc;tva;categorie;image
1;1907;LDJ:P:1907;LDJ60022;Grande rose des vents murale en métal rouillé - 108 cm;99,9;20;Accueil;./products/1907.jpg
2;1895;LDJ:P:1895;LDJ4817;Petit oiseau décoratif en résine à poser;9,9;20;Accueil;./products/1895.jpg
3;1822;LDJ:P:1822;LDJ400271;Cigogne en métal recyclé H98 cm - Sculpture décorative pour jardin et bassin;92,9;20;Animaux decoratifs;./products/1822.jpg
4;1495;LDJ:P:1495;LDJ031478;Coq décoratif en métal coloré - Sculpture de jardin H57 cm;59,9;20;Animaux decoratifs;./products/1495.jpg
5;1541;LDJ:P:1541;LDJ274559;Coq en fer en deux tailles couleur doré gris orange et rouge;49,9;20;Animaux decoratifs;./products/1541.jpg
6;1535;LDJ:P:1535;LDJ274558;Coq en fer en deux tailles couleur doré noir et rouge;49,9;20;Animaux decoratifs;./products/1535.jpg
7;1555;LDJ:P:1555;LDJ542214;Coq en fer rouge et bleu;59,9;20;Animaux decoratifs;./products/1555.jpg
8;1611;LDJ:P:1611;LDJ033954;Coq et poule en fer;59,9;20;Animaux decoratifs;./products/1611.jpg
9;1369;LDJ:P:1369;LDJ-HA19;Crabe En Fonte Réaliste Cache Clés;64,9;20;Animaux decoratifs;./products/1369.jpg
10;1442;LDJ:P:1442;LDJ047205;Grenouille bain d'oiseau fer;59,9;20;Animaux decoratifs;./products/1442.jpg
11;1574;LDJ:P:1574;LDJ223687;Grenouille en résine suspendue;19,9;20;Animaux decoratifs;./products/1574.jpg
12;1898;LDJ:P:1898;LDJ6912;Hérisson décoratif en résine à suspendre sur un pot;11,5;20;Animaux decoratifs;./products/1898.jpg
13;1593;LDJ:P:1593;LDJ223680;Hérisson en résine suspendue;19,9;20;Animaux decoratifs;./products/1593.jpg
14;1808;LDJ:P:1808;LDJ400868;Hérons en métal recyclé bleu et brun pour bassin et jardin;49,9;20;Animaux decoratifs;./products/1808.jpg
15;1449;LDJ:P:1449;LDJ494462;Lapin en résine aspect bois - Décoration de jardin naturelle et originale;49,9;20;Animaux decoratifs;./products/1449.jpg
16;1448;LDJ:P:1448;LDJ985784;Lapin en résine décoratif - Statue de jardin réaliste;22,9;20;Animaux decoratifs;./products/1448.jpg
17;1891;LDJ:P:1891;LDJ7643;Lot de 2 accroche-pots en résine tortue et escargot;14,9;20;Animaux decoratifs;./products/1891.jpg
18;1887;LDJ:P:1887;LDJ7644;Lot de 2 accroche-pots lapin et hérisson en résine;14,9;20;Animaux decoratifs;./products/1887.jpg
19;1899;LDJ:P:1899;LDJ9036;Lot de 3 écureuils décoratifs en résine pour pots de fleurs;21,9;20;Animaux decoratifs;./products/1899.jpg
20;1875;LDJ:P:1875;LDJ16135;Mouette décorative en métal - Statue d'oiseau de jardin 25 cm;22,9;20;Animaux decoratifs;./products/1875.jpg
21;1904;LDJ:P:1904;LDJ6931;Mésange bleue décorative en résine à poser;11,9;20;Animaux decoratifs;./products/1904.jpg
22;1885;LDJ:P:1885;LDJ11390;Oie décorative en métal rouillé - Sculpture de jardin en métal - H 75 cm;39,0;20;Animaux decoratifs;./products/1885.jpg
23;1888;LDJ:P:1888;LDJ11135;Oiseau chef cuisinier en résine - Figurine décorative 11 cm;8,9;20;Animaux decoratifs;./products/1888.jpg
24;1889;LDJ:P:1889;LDJ11136;Oiseau chef cuisinier à lunettes en résine - Figurine 12 cm;8,9;20;Animaux decoratifs;./products/1889.jpg
25;1902;LDJ:P:1902;LDJ4084;Oiseau de Noël décoratif en résine avec bonnet brun;11,9;20;Animaux decoratifs;./products/1902.jpg
26;1896;LDJ:P:1896;LDJ4082;Oiseau de Noël décoratif en résine avec bonnet et écharpe;10,9;20;Animaux decoratifs;./products/1896.jpg
27;1447;LDJ:P:1447;LDJ038713;Oiseau décoratif en résine réaliste - Figurine de jardin - 9 cm;14,9;20;Animaux decoratifs;./products/1447.jpg
28;1445;LDJ:P:1445;LDJ038712;Oiseau décoratif en résine - Figurine de jardin réaliste - 8,5 cm;14,9;20;Animaux decoratifs;./products/1445.jpg
29;1563;LDJ:P:1563;LDJ542785;Oiseau décoratif sur pic jaune;18,9;20;Animaux decoratifs;./products/1563.jpg
30;1621;LDJ:P:1621;LDJ542786;Oiseau décoratif sur pic orange;18,9;20;Animaux decoratifs;./products/1621.jpg
31;1559;LDJ:P:1559;LDJ033654;Paon décoratif sur pic en métal;29,9;20;Animaux decoratifs;./products/1559.jpg
32;1897;LDJ:P:1897;LDJ4963;Petit oiseau décoratif en résine avec béret vert;9,5;20;Animaux decoratifs;./products/1897.jpg
33;1901;LDJ:P:1901;LDJ9391;Petit oiseau décoratif en résine à suspendre sur un pot;8,0;20;Animaux decoratifs;./products/1901.jpg
34;1772;LDJ:P:1772;LDJ16133;Poisson décoratif en métal - décoration marine intérieure et extérieure;38,9;20;Animaux decoratifs;./products/1772.jpg
35;1876;LDJ:P:1876;LDJ18983;Poule décorative en métal coloré - Statue de jardin 36 cm;54,9;20;Animaux decoratifs;./products/1876.jpg
36;1890;LDJ:P:1890;LDJ11719;Rouge-gorge avec chapeau de paille en résine - Figurine 9 cm;7,5;20;Animaux decoratifs;./products/1890.jpg
37;1893;LDJ:P:1893;LDJ11718;Rouge-gorge décoratif avec bonnet gland;11,9;20;Animaux decoratifs;./products/1893.jpg
38;1903;LDJ:P:1903;LDJ11482;Rouge-gorge décoratif en résine vêtu d'un costume;12,9;20;Animaux decoratifs;./products/1903.jpg
39;1894;LDJ:P:1894;LDJ6099;Rouge-gorge décoratif en résine à poser;9,9;20;Animaux decoratifs;./products/1894.jpg
40;1851;LDJ:P:1851;LDJHORSE330;Sculpture cheval cabré géant en métal - Hauteur 330 cm;2800,0;20;Animaux decoratifs;./products/1851.jpg
41;1863;LDJ:P:1863;LDJ10122;Sculpture coq en métal multicolore - Coq majestueux H 84 cm;119,0;20;Animaux decoratifs;./products/1863.jpg
42;1770;LDJ:P:1770;LDJ18345;Sculpture faisan en métal - décoration de jardin nature et esprit chasse;49,9;20;Animaux decoratifs;./products/1770.jpg
43;1771;LDJ:P:1771;LDJ19779;Sculpture poule en métal - décoration de jardin campagne et nature;49,0;20;Animaux decoratifs;./products/1771.jpg
44;1643;LDJ:P:1643;LDJ18247;Statue canard colvert en métal Sculpture 49x18x26 cm;54,9;20;Animaux decoratifs;./products/1643.jpg
45;1638;LDJ:P:1638;LDJ18204;Statue chouette en métal recyclé 32 cm - Sculpture décorative de jardin;59,9;20;Animaux decoratifs;./products/1638.jpg
46;1817;LDJ:P:1817;LDJ407607;Statue de girafe en métal recyclé multicolore H120 x L52 cm - Sculpture safari extérieure;189,0;20;Animaux decoratifs;./products/1817.jpg
47;1740;LDJ:P:1740;LDJ10106;Tortue de jardin en résine effet pierre;43,9;20;Animaux decoratifs;./products/1740.jpg
48;1900;LDJ:P:1900;LDJ9671;Tortue décorative en résine à la carapace brune;22,9;20;Animaux decoratifs;./products/1900.jpg
49;1905;LDJ:P:1905;LDJ6913;Tortue décorative en résine à suspendre sur un pot;11,9;20;Animaux decoratifs;./products/1905.jpg
50;1892;LDJ:P:1892;LDJ6097;Tortue suspendue décorative grise sur branche;18,9;20;Animaux decoratifs;./products/1892.jpg
51;993;LDJ:P:993;ID036541;Arche à rosier en métal marron patiné - H 240 cm.;349,0;20;Arches de jardin;./products/993.jpg
52;1735;LDJ:P:1735;LDJ10648;Banc arche de jardin en métal patiné vert-de-gris - Assise romantique pour rosiers et clématites;649,0;20;Arches de jardin;./products/1735.jpg
53;1716;LDJ:P:1716;LDJ3936;Banc arche de jardin en métal patiné - Assise romantique avec arche pour rosiers & plantes grimpantes;289,0;20;Arches de jardin;./products/1716.jpg
54;1924;LDJ:P:1924;LDJ2246;Grande arche de jardin en métal ivoire patiné à volutes - H 242 cm;349,9;20;Arches de jardin;./products/1924.jpg
55;1925;LDJ:P:1925;LDJ-ARCHE-RO;Grande arche à rosiers en métal rouillé - H 254 cm;490,0;20;Arches de jardin;./products/1925.jpg
56;1646;LDJ:P:1646;LDJ35692;Abreuvoir bain d'oiseau sur piquet en fonte;21,9;20;Bains d oiseaux et mangeoires;./products/1646.jpg
57;1752;LDJ:P:1752;LDJ325Y1202;Abreuvoir mangeoire à oiseaux sur pic couleur rouille - Une escale pleine de charme au jardin;38,9;20;Bains d oiseaux et mangeoires;./products/1752.jpg
58;1787;LDJ:P:1787;LDJ332y1202;Abreuvoir mangeoire à oiseaux sur pic - Corbeau avec chapeau - Hauteur 119 cm;29,9;20;Bains d oiseaux et mangeoires;./products/1787.jpg
59;1809;LDJ:P:1809;LDJ405597;Abreuvoir à oiseaux à piquer en métal recyclé avec porte-boule de graisse - Mésange bleue;37,9;20;Bains d oiseaux et mangeoires;./products/1809.jpg
60;1816;LDJ:P:1816;LDJ404521;Baignoire à oiseaux en métal recyclé en forme de cœur avec martin-pêcheur - H 103 x L 31 cm;37,9;20;Bains d oiseaux et mangeoires;./products/1816.jpg
61;1652;LDJ:P:1652;LDJ6390;Bain d'oiseau sur pic couleur marron 100x16.5;19,9;20;Bains d oiseaux et mangeoires;./products/1652.jpg
62;1651;LDJ:P:1651;LDJ6389;Bain d'oiseau sur pic couleur rouille 100x16.5;19,9;20;Bains d oiseaux et mangeoires;./products/1651.jpg
63;1624;LDJ:P:1624;LDJ564712;Bain d'oiseau sur pic en fer oiseaux chapeaux ,mangeoire H127 cm;39,9;20;Bains d oiseaux et mangeoires;./products/1624.jpg
64;1807;LDJ:P:1807;LDJ404507;Bain d'oiseaux cœur en métal recyclé avec mésange colorée;34,9;20;Bains d oiseaux et mangeoires;./products/1807.jpg
65;1815;LDJ:P:1815;LDJ306891;Bain d'oiseaux en métal recyclé avec 3 rouges-gorges - H 90 x L 39 cm;38,9;20;Bains d oiseaux et mangeoires;./products/1815.jpg
66;1526;LDJ:P:1526;LDJ315489;Bain d'oiseaux et mangeoire sur trépied en fer arabesques marron;69,0;20;Bains d oiseaux et mangeoires;./products/1526.jpg
67;1806;LDJ:P:1806;LDJ408840;Bain d'oiseaux métal recyclé noir avec deux mésanges colorées;39,9;20;Bains d oiseaux et mangeoires;./products/1806.jpg
68;1460;LDJ:P:1460;LDJ545558;Bain d'oiseaux ovale en fonte à poser avec 2 oiseaux décoratifs;24,9;20;Bains d oiseaux et mangeoires;./products/1460.jpg
69;1518;LDJ:P:1518;LDJ234106;Bain d'oiseaux sur pic en fer coloré avec oiseaux décoratifs H138 cm;39,9;20;Bains d oiseaux et mangeoires;./products/1518.jpg
70;1493;LDJ:P:1493;LDJ234105;Bain d'oiseaux sur pic en fer oiseaux colorés et mangeoire H138 cm;39,9;20;Bains d oiseaux et mangeoires;./products/1493.jpg
71;1759;LDJ:P:1759;LDJ260Y1202;bain d'oiseaux sur pied avec chouette décorative en métal;25,9;20;Bains d oiseaux et mangeoires;./products/1759.jpg
72;1758;LDJ:P:1758;LDJ315Y1202;Bain d'oiseaux sur pied avec colibri décoratif - Abreuvoir et baignoire à oiseaux en métal;25,9;20;Bains d oiseaux et mangeoires;./products/1758.jpg
73;1842;LDJ:P:1842;LDJ271401;Bain d'oiseaux sur pied en métal avec corbeau gentleman - Mangeoire de jardin H120 cm;29,9;20;Bains d oiseaux et mangeoires;./products/1842.jpg
74;1763;LDJ:P:1763;LDJKB108W;Bain d'oiseaux sur pied métal patiné crème vieilli - Ø 42 cm;69,0;20;Bains d oiseaux et mangeoires;./products/1763.jpg
75;1695;LDJ:P:1695;LDJXZ3;Bain d'oiseaux, mangeoire en fer sur trépied arabesques bleue aspect ancien;79,9;20;Bains d oiseaux et mangeoires;./products/1695.jpg
76;1461;LDJ:P:1461;LDJ232478;Bain d'oiseaux, mangeoire en fonte à poser en forme de parapluie;24,9;20;Bains d oiseaux et mangeoires;./products/1461.jpg
77;1757;LDJ:P:1757;LDJ297Y1202;Bain d'oiseaux chouette sur pic en métal - Mangeoire de jardin H 123 cm;36,9;20;Bains d oiseaux et mangeoires;./products/1757.jpg
78;1712;LDJ:P:1712;LDJXZ87;Bain d'oiseaux décoratif sur pied en métal patiné - Lézard du Jardin;79,0;20;Bains d oiseaux et mangeoires;./products/1712.jpg
79;1736;LDJ:P:1736;LDJ116BR;Bain d'oiseaux en fonte feuille de vigne avec deux oiseaux;89,0;20;Bains d oiseaux et mangeoires;./products/1736.jpg
80;1796;LDJ:P:1796;LDJ281Y1202;Bain d'oiseaux feuille en métal sur pic - Mangeoire et abreuvoir de jardin;39,9;20;Bains d oiseaux et mangeoires;./products/1796.jpg
81;1814;LDJ:P:1814;LDJ406891;Bain d'oiseaux mangeoire en métal recyclé avec rouges-gorges;38,9;20;Bains d oiseaux et mangeoires;./products/1814.jpg
82;1805;LDJ:P:1805;LDJXZ81;Bain d'oiseaux nid en métal patiné - Coupelle décorative sur pied;79,0;20;Bains d oiseaux et mangeoires;./products/1805.jpg
83;1522;LDJ:P:1522;LDJ2398369;Bain d'oiseaux sur pic - Mangeoire métal décorative;29,9;20;Bains d oiseaux et mangeoires;./products/1522.jpg
84;1804;LDJ:P:1804;LDJTZ54;Bain d'oiseaux sur pied en métal bleu patiné - Grande baignoire à oiseaux;79,0;20;Bains d oiseaux et mangeoires;./products/1804.jpg
85;1710;LDJ:P:1710;LdJ -xz45;Bain d'oiseaux sur pied en métal patiné - La fontaine silencieuse du jardin;79,0;20;Bains d oiseaux et mangeoires;./products/1710.jpg
86;1773;LDJ:P:1773;LDJKB-108-BR;Bain d'oiseaux sur pied marron patiné - baignoire à oiseaux de jardin;69,0;20;Bains d oiseaux et mangeoires;./products/1773.jpg
87;1949;LDJ:P:1949;LDJCI128BR;Bain d'oiseaux sur pique en fonte - Fleur avec grenouille 72 cm;17,9;20;Bains d oiseaux et mangeoires;./products/1949.jpg
88;1883;LDJ:P:1883;LDJ17026;Bain d'oiseaux sur pique en métal avec oiseau - 115 cm;36,9;20;Bains d oiseaux et mangeoires;./products/1883.jpg
89;1783;LDJ:P:1783;LDJ11114;Bain d'oiseaux à poser en fonte - 30,5 cm;22,9;20;Bains d oiseaux et mangeoires;./products/1783.jpg
90;1696;LDJ:P:1696;LDJ102879;Bain à oiseau sur pied patiné bleu;79,0;20;Bains d oiseaux et mangeoires;
91;1776;LDJ:P:1776;LDJCI-71-BR;Gamelle double en fonte pour chien et chat avec bols inox - Support décoratif style ancien;38,9;20;Bains d oiseaux et mangeoires;./products/1776.jpg
92;1778;LDJ:P:1778;LDJCI-43-BR;Gamelle en fonte surélevée pour chien avec bol inox - Style ancien décoratif;36,9;20;Bains d oiseaux et mangeoires;./products/1778.jpg
93;1828;LDJ:P:1828;LDJCI74BR;Grand bain d'oiseaux en fonte feuille de ginkgo H81 x Ø48 cm avec deux oiseaux;159,0;20;Bains d oiseaux et mangeoires;./products/1828.jpg
94;1948;LDJ:P:1948;LDJCI74G;Grand bain d'oiseaux sur pied en fonte - Vasque coquillage 48 cm;169,9;20;Bains d oiseaux et mangeoires;./products/1948.jpg
95;1394;LDJ:P:1394;LDJSL4BR;Grande Mangeoire Bain d'oiseau en Fonte Feuille De Vigne marron H-83cm;167,9;20;Bains d oiseaux et mangeoires;./products/1394.jpg
96;1393;LDJ:P:1393;LDJ979635;Magnifique Bain d'oiseau mangeoire en métal hauteur 76 cm;79,9;20;Bains d oiseaux et mangeoires;./products/1393.jpg
97;1786;LDJ:P:1786;LDJ332y1202;Maisonnette mangeoire à oiseaux sur pic en métal - Hauteur 122 cm;39,9;20;Bains d oiseaux et mangeoires;./products/1786.jpg
98;1811;LDJ:P:1811;LDJ404569;Mangeoire abreuvoir cœur à oiseaux sur pic en métal recyclé avec mésanges;36,9;20;Bains d oiseaux et mangeoires;./products/1811.jpg
99;1591;LDJ:P:1591;LDJ462258;Mangeoire abreuvoir à oiseaux en résine à poser rouge-gorge;24,9;20;Bains d oiseaux et mangeoires;./products/1591.jpg
100;1365;LDJ:P:1365;LDJ257934;Mangeoire Bain D'Oiseau Sur Pic Tuteur à Plante H 146Cm;36,9;20;Bains d oiseaux et mangeoires;./products/1365.jpg
101;1860;LDJ:P:1860;LDJ17025;Mangeoire nichoir à oiseaux en métal en forme de gland à suspendre - H 46 cm;34,9;20;Bains d oiseaux et mangeoires;./products/1860.jpg
102;1795;LDJ:P:1795;LDJ254Y1202;Mangeoire oiseaux corbeaux en métal - Abreuvoir et bain d'oiseaux à piquer;34,9;20;Bains d oiseaux et mangeoires;./products/1795.jpg
103;1636;LDJ:P:1636;LDJ1237;Mangeoire sur pic en fonte H114 cm pour oiseaux du jardin;26,9;20;Bains d oiseaux et mangeoires;./products/1636.jpg
104;1673;LDJ:P:1673;LDJ Mangeoir-pic-pomme;Mangeoire sur pic en fonte pour boule de graisse H108cm;27,9;20;Bains d oiseaux et mangeoires;./products/1673.jpg
105;1406;LDJ:P:1406;LDJ774126;Mangeoire à graines pour oiseau sur pic en métal 22,5x29x107cm corbeaux colorés déco de jardin métal;34,9;20;Bains d oiseaux et mangeoires;./products/1406.jpg
106;1921;LDJ:P:1921;LDJ10636;Mangeoire à oiseaux cœur sur pic en métal rouillé - 99 cm;29,9;20;Bains d oiseaux et mangeoires;./products/1921.jpg
107;1779;LDJ:P:1779;LDJ1113;Mangeoire à oiseaux en fonte - Champignon retourné avec escargot - Ø 14 cm;21,9;20;Bains d oiseaux et mangeoires;./products/1779.jpg
108;1882;LDJ:P:1882;LDJ17023;Mangeoire à oiseaux en métal sur pied - Maison rouille 126 cm;36,9;20;Bains d oiseaux et mangeoires;./products/1882.jpg
109;1861;LDJ:P:1861;LDJ17024;Mangeoire à oiseaux en métal à suspendre en forme de gland - H 46 cm;31,9;20;Bains d oiseaux et mangeoires;./products/1861.jpg
110;1920;LDJ:P:1920;LDJ9889;Mangeoire à oiseaux parapluie en métal galvanisé à planter;34,9;20;Bains d oiseaux et mangeoires;./products/1920.jpg
111;1864;LDJ:P:1864;LDJ17022;Mangeoire à oiseaux sur pic en métal façon lanterne - H 130 cm;39,9;20;Bains d oiseaux et mangeoires;./products/1864.jpg
112;1911;LDJ:P:1911;LDJ11510;Mangeoire à oiseaux sur pic en métal grillagé - 100 cm;32,9;20;Bains d oiseaux et mangeoires;./products/1911.jpg
113;1810;LDJ:P:1810;LDJ407027;Mangeoire à oiseaux sur pic en métal recyclé avec fleur et mésange;42,9;20;Bains d oiseaux et mangeoires;./products/1810.jpg
114;1785;LDJ:P:1785;LDJ10637;Mangeoire à oiseaux sur pic en métal - Motif Fée - Hauteur 118 cm;23,9;20;Bains d oiseaux et mangeoires;./products/1785.jpg
115;1784;LDJ:P:1784;LDJ10094;Mangeoire à oiseaux sur pic en métal - Motif oiseaux & feuilles - Hauteur 122 cm;24,9;20;Bains d oiseaux et mangeoires;./products/1784.jpg
116;1537;LDJ:P:1537;LDJ144587;Mangeoire à oiseaux sur pic mobile corbeaux en métal 132 cm;49,9;20;Bains d oiseaux et mangeoires;./products/1537.jpg
117;1913;LDJ:P:1913;LDJ9425;Mangeoire à oiseaux suspendue en métal avec toit;22,9;20;Bains d oiseaux et mangeoires;./products/1913.jpg
118;1912;LDJ:P:1912;LDJ10087;Mangeoire à oiseaux suspendue en méta grillagé;28,9;20;Bains d oiseaux et mangeoires;./products/1912.jpg
119;1578;LDJ:P:1578;LDJ540311;Mangeoire à oiseaux suspendue en résine avec rouge-gorge;28,9;20;Bains d oiseaux et mangeoires;./products/1578.jpg
120;1825;LDJ:P:1825;LDJ402947;Mangeoire à suspendre en métal recyclé avec oiseau rouge décoratif;32,9;20;Bains d oiseaux et mangeoires;./products/1825.jpg
121;1915;LDJ:P:1915;LDJ11775;Nichoir à oiseaux champignon en métal à suspendre;39,9;20;Bains d oiseaux et mangeoires;./products/1915.jpg
122;1916;LDJ:P:1916;LDJ12194;Nichoir à oiseaux rustique en bois et métal à suspendre;34,9;20;Bains d oiseaux et mangeoires;./products/1916.jpg
123;1782;LDJ:P:1782;LDJ247970;Petite mangeoire à oiseaux en fonte avec oiseau - Ø 15 cm;19,9;20;Bains d oiseaux et mangeoires;./products/1782.jpg
124;1950;LDJ:P:1950;LDJ10914;Pic tuteur mangeoire à oiseaux en métal rouillé - 98 cm;15,9;20;Bains d oiseaux et mangeoires;./products/1950.jpg
125;1731;LDJ:P:1731;LDJ;Balancelle de jardin 2 places avec tablettes rabattables - Métal marron patiné;569,0;20;Balancelles;./products/1731.jpg
126;543;LDJ:P:543;ID21102;Balancelle de jardin en fer forgé confortable;489,0;20;Balancelles;./products/543.jpg
127;1862;LDJ:P:1862;LDJ11506;Banc arche cœur en métal blanc patiné - Grand banc romantique H 208 cm;689,0;20;Bancs de jardin;./products/1862.jpg
128;1486;LDJ:P:1486;LDJ467859;Banc arche de jardin fer forgé patiné vert antique confortable;349,0;20;Bancs de jardin;./products/1486.jpg
129;1801;LDJ:P:1801;LDJDZ207;Banc de jardin 2 places en métal patiné antique gris vieilli;239,0;20;Bancs de jardin;./products/1801.jpg
130;1722;LDJ:P:1722;LDJRC4B+;Banc de jardin 3 places en métal patiné avec tablette centrale relevable;310,0;20;Bancs de jardin;./products/1722.jpg
131;1719;LDJ:P:1719;LDJ11320;Banc de jardin ancien en métal patiné vert-de-gris;249,0;20;Bancs de jardin;./products/1719.jpg
132;1107;LDJ:P:1107;LDJ2425;Banc de jardin Dagobert vert ancien;189,0;20;Bancs de jardin;./products/1107.jpg
133;1485;LDJ:P:1485;LDJ467853;Banc de jardin en fer forgé blanc antique 103 cm;239,0;20;Bancs de jardin;./products/1485.jpg
134;1484;LDJ:P:1484;LDJ467852;Banc de jardin en fer forgé patiné marron antique - 2 places au charme authentique;219,0;20;Bancs de jardin;./products/1484.jpg
135;1101;LDJ:P:1101;LDJ648235;Banc de jardin en fer tablette Longueur 153 cm;289,0;20;Bancs de jardin;./products/1101.jpg
136;1728;LDJ:P:1728;LDJ14RV;Banc de jardin en métal patiné vert-de-gris rouille - Style ancien;239,0;20;Bancs de jardin;./products/1728.jpg
137;1960;LDJ:P:1960;LDJ125FGR;Banc de jardin en métal vert patiné à motifs floraux - 112 cm;219,0;20;Bancs de jardin;./products/1960.jpg
138;1348;LDJ:P:1348;ID2113;Banc de jardin fer forgé arabesque;229,0;20;Bancs de jardin;./products/1348.jpg
139;1487;LDJ:P:1487;LDJ467854;Banc de jardin fer forgé et bois patiné gris antique confortable;239,0;20;Bancs de jardin;./products/1487.jpg
140;1733;LDJ:P:1733;LDJ6404;Banc de jardin vert d'eau en métal patiné - Style romantique;239,0;20;Bancs de jardin;./products/1733.jpg
141;1608;LDJ:P:1608;LDJ748521;Banc en fer forgé et fonte 2 places patiné;249,0;20;Bancs de jardin;./products/1608.jpg
142;1700;LDJ:P:1700;LDJ748521;Banc fer forgé fonte 2 places - patine gris vieilli;249,0;20;Bancs de jardin;
143;1667;LDJ:P:1667;LDJ467850;Banc fer forgé jardin patiné - rouille & bleu antique;239,0;20;Bancs de jardin;./products/1667.jpg
144;1698;LDJ:P:1698;LDJ648235;Banc jardin fer avec tablette - longueur 153 cm;289,0;20;Bancs de jardin;./products/1698.jpg
145;1106;LDJ:P:1106;LDJ5672;Banc tour d'arbre en fer marron patiné Ø140 cm;399,0;20;Bancs de jardin;./products/1106.jpg
146;1926;LDJ:P:1926;LDJ11319;Banquette de jardin en métal vert-de-gris patiné - L 134 cm;179,9;20;Bancs de jardin;./products/1926.jpg
147;857;LDJ:P:857;LDJ121BR;Carillon en fonte motif famille de 4 oiseaux;24,9;20;Cloches de porte;./products/857.jpg
148;1934;LDJ:P:1934;LDJDB82;Cloche de porte chat en fonte - sonnette murale rustique;21,9;20;Cloches de porte;./products/1934.jpg
149;858;LDJ:P:858;LDJ87S;Cloche de porte cheval en fonte - Sonnette murale décorative;18,9;20;Cloches de porte;./products/858.jpg
150;1928;LDJ:P:1928;LDJXL-117;Cloche de porte en fonte cheval marron doré - Sonnette murale 65 cm;49,9;20;Cloches de porte;./products/1928.jpg
151;1931;LDJ:P:1931;LDJ-CI-160-BR;Cloche de porte en fonte motif chouette - Sonnette murale 44 cm;22,9;20;Cloches de porte;./products/1931.jpg
152;1933;LDJ:P:1933;LDJBZ88;Cloche de porte en fonte vache Bretonne Pie Noir - Sonnette murale 62 cm;49,9;20;Cloches de porte;./products/1933.jpg
153;1690;LDJ:P:1690;LDJ-CHIEN;Cloche de porte murale en fonte avec chien - Élégance et robustesse;54,9;20;Cloches de porte;./products/1690.jpg
154;1688;LDJ:P:1688;LDJ -VOILIER;Cloche de porte murale en fonte avec voilier - Esprit marin et élégance;54,9;20;Cloches de porte;./products/1688.jpg
155;1940;LDJ:P:1940;LDJBR22;Cloche de porte oiseau en fonte - Sonnette murale rustique;19,9;20;Cloches de porte;./products/1940.jpg
156;861;LDJ:P:861;LDJCI80BR;Cloche de porte ou portail fonte bombé;29,9;20;Cloches de porte;./products/861.jpg
157;820;LDJ:P:820;LDJ119BR;Cloche de porte papillon en fonte pour jardin et portail;19,9;20;Cloches de porte;./products/820.jpg
158;813;LDJ:P:813;LDJ54BR;Cloche de porte-jardin-portail motif coeur et arabesques en fonte;27,9;20;Cloches de porte;./products/813.jpg
159;804;LDJ:P:804;LDJ39BR;Cloche de porte-jardin-portail motif coq en fonte;12,9;20;Cloches de porte;./products/804.jpg
160;811;LDJ:P:811;LDJ116BR;Cloche de porte-jardin-portail motif tête de cheval en fonte;18,9;20;Cloches de porte;./products/811.jpg
161;1669;LDJ:P:1669;LDJ-AVION;Cloche murale en fonte avec avion biplan - Élégance rétro pour votre extérieur;54,9;20;Cloches de porte;./products/1669.jpg
162;1681;LDJ:P:1681;LDJ-SL123;Cloche murale en fonte avec chat noir - Décoration féline et colorée;12,9;20;Cloches de porte;./products/1681.jpg
163;1679;LDJ:P:1679;LDJ139;Cloche murale en fonte avec coccinelle - Une touche colorée pour votre entrée;16,9;20;Cloches de porte;./products/1679.jpg
164;1685;LDJ:P:1685;LDJ-SL75BR;Cloche murale en fonte avec fleur de lys - Élégance et tradition;12,9;20;Cloches de porte;./products/1685.jpg
165;1687;LDJ:P:1687;LDJ-LOCO;Cloche murale en fonte avec locomotive - Originalité et charme ferroviaire;54,9;20;Cloches de porte;./products/1687.jpg
166;1668;LDJ:P:1668;LDJ-Poisson;Cloche murale en fonte avec poisson - Élégance et robustesse pour votre extérieur;54,9;20;Cloches de porte;./products/1668.jpg
167;1682;LDJ:P:1682;LDJ-SL41BR;Cloche murale en fonte classique - Élégance et charme rustique;18,9;20;Cloches de porte;./products/1682.jpg
168;1684;LDJ:P:1684;LDJ-SL140;Cloche murale en fonte hiboux et "Welcome" - Originalité et accueil chaleureux;18,9;20;Cloches de porte;./products/1684.jpg
169;859;LDJ:P:859;LDJXL106;Grande cloche d'entrée bienvenue en fonte;49,9;20;Cloches de porte;./products/859.jpg
170;1937;LDJ:P:1937;LDJBZ77BEL;Grande cloche de porte cheval en fonte peinte - 34 cm;46,9;20;Cloches de porte;./products/1937.jpg
171;1319;LDJ:P:1319;LDJXL111;Grande cloche de porte en fonte Arabesque - 34 cm;54,9;20;Cloches de porte;./products/1319.jpg
172;1317;LDJ:P:1317;ID2104590;Grande Cloche De Porte Fonte H 45cm motif Chat noir;54,9;20;Cloches de porte;./products/1317.jpg
173;1321;LDJ:P:1321;ID2104583;Grande Cloche De Porte Fonte H 45cm motif Cheval;54,9;20;Cloches de porte;./products/1321.jpg
174;1936;LDJ:P:1936;LDJ3773020;Grande cloche de porte grenouille en fonte peinte;46,9;20;Cloches de porte;./products/1936.jpg
175;1938;LDJ:P:1938;LDJ96;Grande cloche de porte jument et poulain en fonte;45,9;20;Cloches de porte;./products/1938.jpg
176;1935;LDJ:P:1935;LDJXL54;Grande cloche de porte vache en fonte peinte - Modèle XL;46,9;20;Cloches de porte;./products/1935.jpg
177;1941;LDJ:P:1941;LDJCB1;Grande cloche murale en fonte classique - 37 cm;38,9;20;Cloches de porte;./products/1941.jpg
178;1930;LDJ:P:1930;LDJSL68;Petite cloche de porte en fonte motif chat noir - Sonnette murale 35 cm;16,9;20;Cloches de porte;./products/1930.jpg
179;1942;LDJ:P:1942;LDJDB81;Petite cloche de porte oiseau en fonte à volutes - 15,5 cm;16,9;20;Cloches de porte;./products/1942.jpg
180;1791;LDJ:P:1791;LDJ324Y1202;Bain d'oiseaux nénuphar en métal avec grenouille - Mangeoire de jardin à piquer;34,9;20;Decorer votre jardin;./products/1791.jpg
181;1777;LDJ:P:1777;LDJSL-69-BR;Gamelle double en fonte pour chien et chat avec bols inox - Style ancien décoratif;48,9;20;Decorer votre jardin;./products/1777.jpg
182;1754;LDJ:P:1754;LDJ271390;Pic décoratif de jardin phare rouge et blanc - Une ambiance bord de mer au cœur de votre jardin;39,9;20;Decorer votre jardin;./products/1754.jpg
183;1633;LDJ:P:1633;ldj250;Pluviomètre décoratif de jardin coloré motif chat et souris;39,9;20;Decorer votre jardin;./products/1633.jpg
184;1748;LDJ:P:1748;LDJ271388;Pluviomètre décoratif grenouille au ciré jaune - Une touche de bonne humeur pour mesurer la pluie;39,9;20;Decorer votre jardin;./products/1748.jpg
185;1127;LDJ:P:1127;LDJ221154;Girouette corbeau en métal sur pic - Éolienne décorative de jardin 156 cm;55,9;20;Eoliennes decoratives;./products/1127.jpg
186;1671;LDJ:P:1671;LDJ eolienne-decorative-Amboise;Girouette Éolienne Moulin à vent de jardin modèle Amboise;129,0;20;Eoliennes decoratives;./products/1671.jpg
187;1951;LDJ:P:1951;LDJ9506;Grande éolienne de jardin double rotation en métal rouillé - Ø 80 cm;139,0;20;Eoliennes decoratives;./products/1951.jpg
188;1464;LDJ:P:1464;LDJ801532;Grande éolienne décorative en métal hauteur 210 cm modèle Sintra;129,0;20;Eoliennes decoratives;./products/1464.jpg
189;1790;LDJ:P:1790;LDJ336Y1202;Mobile de jardin éolienne chien pilote en avion - Petit moulin à vent en métal;49,9;20;Eoliennes decoratives;./products/1790.jpg
190;1284;LDJ:P:1284;LDJ221447;Pic de jardin décoratif, mobile, éolienne en fer chat et souris;49,9;20;Eoliennes decoratives;./products/1284.jpg
191;1153;LDJ:P:1153;LDJ221271;Pic éolienne de jardin en fer motif corbeau aspect rouille;55,9;20;Eoliennes decoratives;./products/1153.jpg
192;1155;LDJ:P:1155;LDJ221294;Pic, éolienne de jardin girouette en fer motif coq aspect rouille;54,9;20;Eoliennes decoratives;./products/1155.jpg
193;1154;LDJ:P:1154;LDJ221284;Éolienne chouette de jardin sur pic H154 cm aspect rouille;54,9;20;Eoliennes decoratives;./products/1154.jpg
194;1793;LDJ:P:1793;LDJ189Y1202;Éolienne chouette en métal - Moulin à vent de jardin à piquer;36,9;20;Eoliennes decoratives;./products/1793.jpg
195;1661;LDJ:P:1661;LDJ10597;Éolienne de Jardin Cuivrée "Poésie Aérienne" - Lézard du jardin;149,0;20;Eoliennes decoratives;./products/1661.jpg
196;1339;LDJ:P:1339;LDJ80113;Éolienne de Jardin Décorative en Fer Sculpture à Vent Modèle Brissac Hauteur 213cm;159,0;20;Eoliennes decoratives;./products/1339.jpg
197;1865;LDJ:P:1865;LDJ60005;Éolienne de jardin à disques couleur rouille - Hauteur 212 cm;139,9;20;Eoliennes decoratives;./products/1865.jpg
198;1342;LDJ:P:1342;LDJ80105;Éolienne Décorative de Jardin 53x26x210 cm Modèle Mongenan;129,0;20;Eoliennes decoratives;./products/1342.jpg
199;1739;LDJ:P:1739;LDJ80106;Éolienne décorative de jardin bleue et turquoise;159,0;20;Eoliennes decoratives;./products/1739.jpg
200;1972;LDJ:P:1972;LDJ304y1202;Éolienne décorative de jardin double hélice bleu et bordeaux - H 170 cm;59,9;20;Eoliennes decoratives;./products/1972.jpg
201;1654;LDJ:P:1654;LDJ80114;Éolienne décorative de jardin en fer 213x60x27 Modèle Budos;139,0;20;Eoliennes decoratives;./products/1654.jpg
202;1391;LDJ:P:1391;LDJ379849;Éolienne décorative de jardin en fer cuivré brossé moulin à vent de jardin CHAMBORD;159,0;20;Eoliennes decoratives;./products/1391.jpg
203;1359;LDJ:P:1359;LDJ379851;Éolienne décorative de jardin en fer cuivré modèle CHANTILLY;169,0;20;Eoliennes decoratives;./products/1359.jpg
204;1000;LDJ:P:1000;LDJ379852;Éolienne décorative de jardin en fer forme tulipe modèle CHEVERNY;149,0;20;Eoliennes decoratives;./products/1000.jpg
205;1392;LDJ:P:1392;LDJ379852;Éolienne décorative de jardin en fer gris moulin à vent modèle Orcher;169,0;20;Eoliennes decoratives;./products/1392.jpg
206;1157;LDJ:P:1157;LDJ379857;Éolienne décorative de jardin en fer marron patiné modèle CHATEAUDUN;149,0;20;Eoliennes decoratives;./products/1157.jpg
207;1354;LDJ:P:1354;LDJ25467;Éolienne décorative de jardin en métal motif hirondelles H233 cm;179,0;20;Eoliennes decoratives;./products/1354.jpg
208;1714;LDJ:P:1714;LDJ9507;Éolienne décorative de jardin en métal rouillé - 2,08 m - Double rotation;89,0;20;Eoliennes decoratives;./products/1714.jpg
209;1390;LDJ:P:1390;LDJ379844;Éolienne décorative de jardin en Métal sphère cuivré brossé modèle LANGEAIS;159,0;20;Eoliennes decoratives;./products/1390.jpg
210;1834;LDJ:P:1834;LDJSH17RD;Éolienne décorative de jardin sphère armillaire en métal finition rouille - H212 x L68 cm, Ø41 cm;89,0;20;Eoliennes decoratives;./products/1834.jpg
211;1670;LDJ:P:1670;LDJ éolienne-cuivré-Riveau;Éolienne décorative en métal couleur cuivré modèle Rivau;149,0;20;Eoliennes decoratives;./products/1670.jpg
212;1389;LDJ:P:1389;LDJ801422;Éolienne Décorative En Métal Moulin À Vent OLERON;159,0;20;Eoliennes decoratives;./products/1389.jpg
213;1678;LDJ:P:1678;LDJ60006;Éolienne décorative en métal rouillé - Envoutement et mouvement pour vos extérieurs;149,0;20;Eoliennes decoratives;./products/1678.jpg
214;1605;LDJ:P:1605;LDJ108041;Éolienne décorative girouette moulin à vent de jardin en Métal modèle Fontainebleau;159,0;20;Eoliennes decoratives;./products/1605.jpg
215;1833;LDJ:P:1833;LDJ9508;Éolienne girouette de jardin en métal finition rouille H205 x L49 cm - Double hélice Ø57 et Ø30 cm;99,0;20;Eoliennes decoratives;./products/1833.jpg
216;1466;LDJ:P:1466;LDJ547037;Éolienne moulin à vent de jardin modèle Villandry 205 cm;159,0;20;Eoliennes decoratives;./products/1466.jpg
217;1557;LDJ:P:1557;LDJ214307;Éolienne moulin à vent de jardin à piquer modèle Tauzia 210 cm;139,0;20;Eoliennes decoratives;./products/1557.jpg
218;1631;LDJ:P:1631;LDJ214300;Éolienne, Moulin à Vent girouette de jardin à piquer modèle Balanzac;159,0;20;Eoliennes decoratives;./products/1631.jpg
219;1467;LDJ:P:1467;LDJ214305;Éolienne, Moulin à Vent girouette de jardin à piquer modèle Falloux;139,0;20;Eoliennes decoratives;./products/1467.jpg
220;1622;LDJ:P:1622;LDJ214345;Éolienne, Moulin à Vent girouette de jardin à piquer modèle Louvière;149,0;20;Eoliennes decoratives;./products/1622.jpg
221;1871;LDJ:P:1871;LDJ60017;Allium en métal sur pique couleur rouille - Hauteur 160 cm;64,9;20;Fleurs et champignons en metal;./products/1871.jpg
222;1625;LDJ:P:1625;LDJ241523;Champignons décoratifs en métal beige marron rouille;29,9;20;Fleurs et champignons en metal;./products/1625.jpg
223;1607;LDJ:P:1607;LDJ326658;Coquelicot en fer sur pic décoration de jardin;18,9;20;Fleurs et champignons en metal;./products/1607.jpg
224;1556;LDJ:P:1556;LDJ033895;Coquelicot en fer sur tige avec feuilles - Fleur décorative de jardin;22,9;20;Fleurs et champignons en metal;./products/1556.jpg
225;1824;LDJ:P:1824;LDJ402992;Coquelicot en métal H72 cm - Fleur décorative rouge à planter au jardin;21,9;20;Fleurs et champignons en metal;./products/1824.jpg
226;1823;LDJ:P:1823;LDJ 401056;Coquelicot en métal recyclé H108 cm - Fleur décorative rouge pour le jardin;38,9;20;Fleurs et champignons en metal;./products/1823.jpg
227;1884;LDJ:P:1884;LDJ16201;Coquelicot rouge en métal sur pique - Fleur de jardin 70 cm;36,9;20;Fleurs et champignons en metal;./products/1884.jpg
228;1866;LDJ:P:1866;LDJ60013;Dahlia en métal sur pique couleur rouille - Hauteur 160 cm;49,9;20;Fleurs et champignons en metal;./products/1866.jpg
229;1868;LDJ:P:1868;LDJ60014;Fleur de lotus en métal sur pique rouille - Hauteur 160 cm;49,9;20;Fleurs et champignons en metal;./products/1868.jpg
230;1812;LDJ:P:1812;LDJ405122;Fleur décorative de jardin en métal jaune avec oiseau;29,0;20;Fleurs et champignons en metal;./products/1812.jpg
231;1813;LDJ:P:1813;LDJ401056;Fleur décorative de jardin en métal rouge avec oiseau bleu;29,0;20;Fleurs et champignons en metal;./products/1813.jpg
232;1867;LDJ:P:1867;LDJ60012;Fleur en métal sur pique couleur rouille - Décoration de jardin 160 cm;53,9;20;Fleurs et champignons en metal;./products/1867.jpg
233;1872;LDJ:P:1872;LDJ60018;Fleur soleil en métal sur pique couleur rouille - Hauteur 160 cm;42,9;20;Fleurs et champignons en metal;./products/1872.jpg
234;1869;LDJ:P:1869;LDJ60016;Fleur étoilée en métal sur pique rouille - Hauteur 165 cm;59,9;20;Fleurs et champignons en metal;./products/1869.jpg
235;1841;LDJ:P:1841;LDJ111222;Nénuphar décoratif en métal à planter - Sculpture de jardin finition rouille;69,9;20;Fleurs et champignons en metal;./products/1841.jpg
236;1870;LDJ:P:1870;LDJ60011;Rose en métal sur pique couleur rouille - Fleur de jardin décorative 160 cm;64,9;20;Fleurs et champignons en metal;./products/1870.jpg
237;1839;LDJ:P:1839;LDJ465676;Roseaux décoratifs en métal à planter - Massettes finition rouille H145 cm;54,9;20;Fleurs et champignons en metal;./products/1839.jpg
238;325;LDJ:P:325;ID897412;Gloriette de jardin pergola kiosque en fer de jardin marron;749,0;20;Gloriettes;./products/325.jpg
239;886;LDJ:P:886;LDJ591210;Maison des Fées en forme de théière - Décoration féérique de jardin;34,9;20;Jardin feerique;./products/886.jpg
240;885;LDJ:P:885;LDJ591202;Maison des fées tournesol;34,9;20;Jardin feerique;./products/885.jpg
241;1859;LDJ:P:1859;LDJ16154;Lanterne montgolfière en métal multicolore à suspendre - H 64 cm;38,9;20;Lanternes;./products/1859.jpg
242;1857;LDJ:P:1857;LDJ16152;Lanterne montgolfière en métal à suspendre - Décoration de jardin tricolore 63 cm;38,9;20;Lanternes;./products/1857.jpg
243;1874;LDJ:P:1874;LDJ14129;Photophore fleur de lotus en métal rouille - 25 cm;36,9;20;Lanternes;./products/1874.jpg
244;1150;LDJ:P:1150;ID22124;Balancier chouette en métal sur pic - Décoration de jardin mobile 151 cm;38,9;20;Mobiles et pics de jardin;./products/1150.jpg
245;1521;LDJ:P:1521;LDJ568741;Balancier chouette en métal à piquer H111 cm;22,9;20;Mobiles et pics de jardin;./products/1521.jpg
246;1797;LDJ:P:1797;LDJ271398;Balancier corbeau avec parapluie en métal - Mobile de jardin à piquer;38,9;20;Mobiles et pics de jardin;./products/1797.jpg
247;1536;LDJ:P:1536;LDJ321156;Balancier de jardin avec grenouille en fonte H133 cm;39,9;20;Mobiles et pics de jardin;./products/1536.jpg
248;1429;LDJ:P:1429;LDJ039475;Balancier de jardin en métal motif libellules H124 cm;41,9;20;Mobiles et pics de jardin;./products/1429.jpg
249;1475;LDJ:P:1475;LDJ348956;Balancier de jardin grand paon violet en métal H117 cm;49,9;20;Mobiles et pics de jardin;./products/1475.jpg
250;1953;LDJ:P:1953;LDJ280y2222;Balancier de jardin gros corbeau en métal et boule en verre - 146 cm;39,9;20;Mobiles et pics de jardin;./products/1953.jpg
251;1363;LDJ:P:1363;LDJ788456;Balancier de jardin hibou sur pic H132 cm en métal;49,9;20;Mobiles et pics de jardin;./products/1363.jpg
252;1954;LDJ:P:1954;LDJ311Y1202;Balancier de jardin maman et bébé chouette en métal - 139 cm;42,9;20;Mobiles et pics de jardin;./products/1954.jpg
253;1543;LDJ:P:1543;LDJ365411;Balancier de jardin oiseau coloré en métal grandes ailes H127 cm;44,9;20;Mobiles et pics de jardin;./products/1543.jpg
254;1423;LDJ:P:1423;LDJ046872;Balancier déco marine de jardin en métal;42,9;20;Mobiles et pics de jardin;./products/1423.jpg
255;1436;LDJ:P:1436;LDJ058746;Balancier décoratif de jardin en fer motif chouette coloré;39,9;20;Mobiles et pics de jardin;./products/1436.jpg
256;1527;LDJ:P:1527;LDJ451266;Balancier en fer motif deux grenouilles très colorés;32,9;20;Mobiles et pics de jardin;./products/1527.jpg
257;1476;LDJ:P:1476;LDJ348957;Balancier grand oiseau bleu vert - Mobile de jardin en métal - H 120 cm;49,9;20;Mobiles et pics de jardin;./products/1476.jpg
258;1152;LDJ:P:1152;ID22126;Balancier hibou en métal sur pic - Décoration mobile de jardin 143 cm;37,9;20;Mobiles et pics de jardin;./products/1152.jpg
259;1468;LDJ:P:1468;LDJ456230;Balancier phare et bateau;39,9;20;Mobiles et pics de jardin;./products/1468.jpg
260;1539;LDJ:P:1539;LDJ658744;Balancier, pic de jardin en fer chouette ronde;39,9;20;Mobiles et pics de jardin;./products/1539.jpg
261;1542;LDJ:P:1542;LDJ658774;Balancier, pic de jardin en fer corbeau coloré rond;39,9;20;Mobiles et pics de jardin;./products/1542.jpg
262;1532;LDJ:P:1532;LDJ874100;Balancier, tuteur en métal et verre oiseau avec chapeau;29,9;20;Mobiles et pics de jardin;./products/1532.jpg
263;1768;LDJ:P:1768;LDJ16202;Grand coquelicot en métal à planter - Fleur décorative de jardin rouge 135 cm;59,9;20;Mobiles et pics de jardin;./products/1768.jpg
264;1764;LDJ:P:1764;FDJ80296;Lot de 3 coquelicots décoratifs en métal à piquer - Rouge éclatant - H. 81 cm;49,9;20;Mobiles et pics de jardin;./products/1764.jpg
265;1877;LDJ:P:1877;LDJ16008;Mobile balancier chat et souris en métal - Hauteur 135 cm;46,9;20;Mobiles et pics de jardin;./products/1877.jpg
266;1880;LDJ:P:1880;LDJ17275;Mobile balancier coq et poule au nid en métal - 130 cm;46,9;20;Mobiles et pics de jardin;./products/1880.jpg
267;1955;LDJ:P:1955;LDJ278y2222;Mobile balancier de jardin avec deux corbeaux en métal - 168 cm;41,9;20;Mobiles et pics de jardin;./products/1955.jpg
268;1440;LDJ:P:1440;LDJ179871;Mobile Balancier de Jardin en Métal Motif Oiseaux mésange bleue Hauteur 130 cm;39,9;20;Mobiles et pics de jardin;./products/1440.jpg
269;1879;LDJ:P:1879;LDJ16113;Mobile balancier souris rouge en métal - Hauteur 145 cm;41,9;20;Mobiles et pics de jardin;./products/1879.jpg
270;1878;LDJ:P:1878;LDJ16006;Mobile balancier trois oiseaux colorés en métal - Hauteur 140 cm;46,9;20;Mobiles et pics de jardin;./products/1878.jpg
271;1540;LDJ:P:1540;LDJ278895;Mobile de Jardin Balancier sur Pic Motifs Deux Corbeaux Sur Une Feuille en Fer et Verre 15x30x158cm;42,9;20;Mobiles et pics de jardin;./products/1540.jpg
272;1956;LDJ:P:1956;LDJ278y2222;Mobile de jardin chat et souris tournant avec le vent - 154 cm Phrase-clé principale;41,9;20;Mobiles et pics de jardin;./products/1956.jpg
273;1766;LDJ:P:1766;LDJ16046;Mobile de jardin chat, souris et chien - Mobile de jardin animaux en métal;46,9;20;Mobiles et pics de jardin;./products/1766.jpg
274;1968;LDJ:P:1968;LDJ386Y2222;Mobile de jardin chouette aviateur à balancier - ailes mobiles;46,9;20;Mobiles et pics de jardin;./products/1968.jpg
275;1974;LDJ:P:1974;LDJ383Y2222;Mobile de jardin chouette et ses bébés à ailes mobiles - H 126 cm;46,9;20;Mobiles et pics de jardin;./products/1974.jpg
276;1767;LDJ:P:1767;LDJ16007;Mobile de jardin chouette - Décoration à balancier en métal coloré;46,9;20;Mobiles et pics de jardin;./products/1767.jpg
277;1769;LDJ:P:1769;LDJ16111;Mobile de jardin coccinelle en métal à balancier - Décoration extérieure porte-bonheur;46,9;20;Mobiles et pics de jardin;./products/1769.jpg
278;1967;LDJ:P:1967;1967;Mobile de jardin coq à balancier en métal - H 135 cm;39,9;20;Mobiles et pics de jardin;./products/1967.jpg
279;1952;LDJ:P:1952;LDJ331y1202;Mobile de jardin corbeaux en métal sur pique - 150 cm;39,0;20;Mobiles et pics de jardin;./products/1952.jpg
280;1329;LDJ:P:1329;LDJ256632;Mobile de jardin en fer motif chouette, tuteur équilibré hauteur 140 cm;45,9;20;Mobiles et pics de jardin;./products/1329.jpg
281;1458;LDJ:P:1458;LDJ023256;Mobile de jardin en fer motif corbeau coloré et son corbillat pic et tuteur équilibré;41,9;20;Mobiles et pics de jardin;./products/1458.jpg
282;1420;LDJ:P:1420;LDJ221065;Mobile de jardin en fer motif corbeau pic et tuteur équilibré;39,9;20;Mobiles et pics de jardin;./products/1420.jpg
283;1452;LDJ:P:1452;LDJ231472;Mobile de jardin en fer motif corbeau à grand bec coloré pic et tuteur équilibré;34,32;20;Mobiles et pics de jardin;./products/1452.jpg
284;1459;LDJ:P:1459;LDJ774585;Mobile de jardin en fer à balancier motif corbeau tuteur tige a planter équilibré;33,52;20;Mobiles et pics de jardin;./products/1459.jpg
285;1789;LDJ:P:1789;LDJ327y1202;Mobile de jardin Grenouille équilibriste sur feuilles de nénuphar - Décoration à piquer en métal;38,9;20;Mobiles et pics de jardin;./products/1789.jpg
286;1707;LDJ:P:1707;1707;Mobile de jardin inox cheval cabré - 160 cm - Sculpture équestre design - Lézard du Jardin;109,0;20;Mobiles et pics de jardin;./products/1707.jpg
287;1711;LDJ:P:1711;1711;Mobile de jardin inox "Hirondelles en vol" - Sculpture poétique et équilibrée - Lézard du Jardin;129,0;20;Mobiles et pics de jardin;./products/1711.jpg
288;1971;LDJ:P:1971;LDJ358Y2222;Mobile de jardin oiseau aviateur à balancier - ailes mobiles;46,9;20;Mobiles et pics de jardin;./products/1971.jpg
289;1655;LDJ:P:1655;LDJ946173;Mobile de jardin oiseau coloré en métal H133;39,9;20;Mobiles et pics de jardin;./products/1655.jpg
290;1792;LDJ:P:1792;LDJ355Y1202;Mobile de jardin Poule en métal - Décoration à piquer avec contrepoids;38,9;20;Mobiles et pics de jardin;./products/1792.jpg
291;1634;LDJ:P:1634;LDJ-184Y1202;Mobile de jardin sur pic 3 oiseaux colibris 126x71 en métal;38,9;20;Mobiles et pics de jardin;./products/1634.jpg
292;1794;LDJ:P:1794;LDJ80091;Mobile de jardin Voilier et Poisson en métal - Décoration maritime à piquer;39,9;20;Mobiles et pics de jardin;./products/1794.jpg
293;1973;LDJ:P:1973;LDJ314Y222;Mobile de jardin voilier à balancier en métal - H 144 cm;41,9;20;Mobiles et pics de jardin;./products/1973.jpg
294;1750;LDJ:P:1750;LDJ35742222;Mobile de jardin « Dame au parapluie rose » - Balancier décoratif en métal;39,9;20;Mobiles et pics de jardin;./products/1750.jpg
295;1760;LDJ:P:1760;LDJ9433;Mobile de jardin à balancier Corbeau Steampunk en métal;39,9;20;Mobiles et pics de jardin;./products/1760.jpg
296;1454;LDJ:P:1454;LDJ454625;Mobile décoratif de jardin en métal - Panneau Welcome avec oiseaux élégant - Hauteur 122 cm;34,9;20;Mobiles et pics de jardin;./products/1454.jpg
297;1439;LDJ:P:1439;LDJ547891;Mobile décoratif jardin en métal - Balancier avec oiseaux et cloches - Hauteur 133 cm;42,9;20;Mobiles et pics de jardin;./products/1439.jpg
298;1708;LDJ:P:1708;1708;Mobile décoratif poules en métal peint - 124 cm - Sculpture de jardin colorée - Lézard du Jardin;38,9;20;Mobiles et pics de jardin;./products/1708.jpg
299;1706;LDJ:P:1706;1706;Mobile oiseaux en métal patiné - 158 cm - Teintes vert & rouge - Lézard du Jardin;39,9;20;Mobiles et pics de jardin;./products/1706.jpg
300;1457;LDJ:P:1457;LDJ454629;Mobile pic tuteur décoratif jardin en métal - Panneau Welcome avec oiseaux chapeautés - Hauteur 122 cm;34,9;20;Mobiles et pics de jardin;./products/1457.jpg
301;1149;LDJ:P:1149;ID22123;Pic décoratif de jardin balancier en fer motifs chiens;39,9;20;Mobiles et pics de jardin;./products/1149.jpg
302;1147;LDJ:P:1147;ID22121;Pic décoratif de jardin chouette balancier en fer à planter;20,9;20;Mobiles et pics de jardin;./products/1147.jpg
303;1922;LDJ:P:1922;LDJ10918;Pic décoratif oiseau en métal rouillé - 114 cm;34,9;20;Mobiles et pics de jardin;./products/1922.jpg
304;1923;LDJ:P:1923;LDJ9491;Pic décoratif oiseau et nid en métal rouillé - 119 cm;25,9;20;Mobiles et pics de jardin;./products/1923.jpg
305;1755;LDJ:P:1755;LDJ271391;Pic décoratif phare bleu et blanc - Une touche marine élégante pour le jardin;39,9;20;Mobiles et pics de jardin;./products/1755.jpg
306;1453;LDJ:P:1453;LDJ000364;Pic mobile de jardin corbeau coloré 128X54X16;39,9;20;Mobiles et pics de jardin;./products/1453.jpg
307;1327;LDJ:P:1327;LDJ798456;Pic Tuteur Mobile de Jardin Motif Poules Hauteur 130 cm;42,9;20;Mobiles et pics de jardin;./products/1327.jpg
308;1455;LDJ:P:1455;LDJ454626;Pic, tuteur décoratif de jardin welcome chouette;34,9;20;Mobiles et pics de jardin;./products/1455.jpg
309;1520;LDJ:P:1520;LDJ454620;Pic, tuteur décoratif de jardin welcome corbeaux chapeaux colorés;34,9;20;Mobiles et pics de jardin;./products/1520.jpg
310;1919;LDJ:P:1919;LDJ2829;Pluviomètre décoratif nain de jardin sur pic en métal;39,9;20;Mobiles et pics de jardin;./products/1919.jpg
311;1947;LDJ:P:1947;LDJ129Y1202;Silhouette escargot à piquer en métal rouillé - 42 cm;16,6;20;Mobiles et pics de jardin;./products/1947.jpg
312;1781;LDJ:P:1781;LDJ11643;Boule de décoration de jardin motif fleurs - Sculpture extérieure en métal effet rouille;32,9;20;Paniers et cages metal;./products/1781.jpg
313;1509;LDJ:P:1509;LDJ042537;Panier décoratif en métal marron avec anse - 2 tailles;22,9;20;Paniers et cages metal;./products/1509.jpg
314;1511;LDJ:P:1511;LDJ042539;Panier décoratif en métal vert, beige et marron - 2 tailles;22,9;20;Paniers et cages metal;./products/1511.jpg
315;1510;LDJ:P:1510;LDJ042538;Panier en métal bordeaux et beige avec fleur décorative;22,9;20;Paniers et cages metal;./products/1510.jpg
316;1575;LDJ:P:1575;LDJ478896;Panier porte plante suspendu en fer beige patiné marron;22,9;20;Paniers et cages metal;./products/1575.jpg
317;1594;LDJ:P:1594;LDJ478897;Panier porte plante suspendu en fer vert patiné jaune et marron;29,9;20;Paniers et cages metal;./products/1594.jpg
318;1829;LDJ:P:1829;LDJHS12AG;Panier porte-pot en métal rouge patiné à fleurs - 3 tailles;24,99;20;Paniers et cages metal;./products/1829.jpg
319;1405;LDJ:P:1405;LDJ789423;Pluviomètre corbeaux décoration de jardin gradué 129 cm;38,9;20;Pluviometres;./products/1405.jpg
320;1606;LDJ:P:1606;LDJ239388;Pluviomètre déco jardin métal motif bateau 134 cm;39,9;20;Pluviometres;./products/1606.jpg
321;1382;LDJ:P:1382;LDJ034517;Pluviomètre décoratif chat et souris en métal H117 cm;39,9;20;Pluviometres;./products/1382.jpg
322;1402;LDJ:P:1402;LDJ653790;Pluviomètre décoratif chouettes en métal à piquer 128 cm;39,9;20;Pluviometres;./products/1402.jpg
323;1705;LDJ:P:1705;1705;Pluviomètre décoratif coq en métal patiné - 132 cm - Verre gradué 35 mm - Lézard du Jardin;32,9;20;Pluviometres;./products/1705.jpg
324;1959;LDJ:P:1959;LDJ396Y4444;Pluviomètre décoratif corbeau aviateur à piquer - H 140 cm;39,9;20;Pluviometres;./products/1959.jpg
325;1381;LDJ:P:1381;LDJ274110;Pluviomètre décoratif corbeaux colorés en métal H127 cm;39,9;20;Pluviometres;./products/1381.jpg
326;1380;LDJ:P:1380;LDJ032415;Pluviomètre décoratif corbeaux en métal couleur rouille H127 cm;39,9;20;Pluviometres;./products/1380.jpg
327;1747;LDJ:P:1747;LDJ271409;Pluviomètre décoratif de jardin oiseau sous parapluie - Une touche colorée pour mesurer la pluie;37,9;20;Pluviometres;./products/1747.jpg
328;1749;LDJ:P:1749;LDJ330144;Pluviomètre décoratif grenouille avec feuille - Un charme naturel pour mesurer la pluie;38,9;20;Pluviometres;./products/1749.jpg
329;1966;LDJ:P:1966;LDJ346Y4444;Pluviomètre décoratif grenouille à piquer - H 121 cm;36,9;20;Pluviometres;./products/1966.jpg
330;1401;LDJ:P:1401;LDJ804065;Pluviomètre décoratif modèle oiseau avec chapeau et entonnoir gradué H145 cm;34,9;20;Pluviometres;./products/1401.jpg
331;1305;LDJ:P:1305;LDJ546897;Pluviomètre décoratif motif corbeaux couleur marron 145 cm;39,9;20;Pluviometres;./products/1305.jpg
332;1167;LDJ:P:1167;LDJ221017;Pluviomètre décoratif perroquet coloré en métal 152 cm;39,9;20;Pluviometres;./products/1167.jpg
333;1963;LDJ:P:1963;LDJ397Y4444;Pluviomètre décoratif à piquer 2 chouettes en métal - H 112 cm;39,9;20;Pluviometres;./products/1963.jpg
334;1965;LDJ:P:1965;LDJ352y4444;Pluviomètre décoratif à piquer 2 oiseaux sous parapluie - H 135 cm;39,9;20;Pluviometres;./products/1965.jpg
335;1387;LDJ:P:1387;LDJ10801;Pluviomètre Original Décoratif Libellule en Inox Forgé H134 cm;89,9;20;Pluviometres;./products/1387.jpg
336;1629;LDJ:P:1629;LDJ221010;Pluviomètre piquer Tuteur Plante Décoration de Jardin Motif corbeau en Fer Patiné et entonnoir Tube en Verre;39,9;20;Pluviometres;./products/1629.jpg
337;1753;LDJ:P:1753;LDJ271396;Pluviomètre tracteur vert - Une touche champêtre pour mesurer la pluie;39,9;20;Pluviometres;./products/1753.jpg
338;1158;LDJ:P:1158;ID22131;Thermomètre de jardin sur pic en métal bronze 117 cm;39,9;20;Pluviometres;./products/1158.jpg
339;839;LDJ:P:839;LDJ221016;Verre de remplacement pour pluviomètre gradué 35 mm;10,9;20;Pluviometres;./products/839.jpg
340;1886;LDJ:P:1886;LDJ14213;3 obélisques pour plantes grimpantes en métal rouille;36,9;20;Porte plante et pot;./products/1886.jpg
341;1774;LDJ:P:1774;LDJCB-39-AG;Arrosoir décoratif porte-plantes en métal - support de composition florale style jardin romantique;44,9;20;Porte plante et pot;./products/1774.jpg
342;1918;LDJ:P:1918;LDJ5654;Jardinière suspendue cœur en métal blanc patiné avec panier;36,9;20;Porte plante et pot;./products/1918.jpg
343;1917;LDJ:P:1917;LDJ5456;Jardinière suspendue cœur en métal patiné avec panier;36,9;20;Porte plante et pot;./products/1917.jpg
344;1957;LDJ:P:1957;LDJRB161R;Obélisque tuteur de jardin en métal effet rouille - 150 ou 237 cm;59,0;20;Porte plante et pot;./products/1957.jpg
345;1958;LDJ:P:1958;LDJ5878;Obélisque tuteur de jardin en métal à volutes - 3 tailles;59,8;20;Porte plante et pot;./products/1958.jpg
346;1830;LDJ:P:1830;LDJXZ69;Panier porte-pot en métal rouge patiné à fleurs - 2 tailles;29,99;20;Porte plante et pot;./products/1830.jpg
347;1832;LDJ:P:1832;LDJCB17GR;Panier porte-pot en métal vert sauge patiné à fleurs - 2 tailles;25,99;20;Porte plante et pot;./products/1832.jpg
348;1831;LDJ:P:1831;LDJXW30;Panier porte-pot ovale en métal gris vieilli fleur de lys - 3 tailles;26,99;20;Porte plante et pot;./products/1831.jpg
349;1443;LDJ:P:1443;LDJ4635879;Porte plante tricycle;49,9;20;Porte plante et pot;./products/1443.jpg
350;1746;LDJ:P:1746;LDJ2264;Porte-plante 6 pots en métal gris patiné ancien - Une élégante mise en scène pour vos fleurs;59,0;20;Porte plante et pot;./products/1746.jpg
351;1799;LDJ:P:1799;LDJ55XZ;Porte-plante sur pied en métal patiné bleu - Support de pot de fleurs;59,9;20;Porte plante et pot;./products/1799.jpg
352;1745;LDJ:P:1745;LDJHX32BR;Porte-plante tricycle en métal - Une décoration de jardin pleine de charme vintage;49,9;20;Porte plante et pot;./products/1745.jpg
353;1743;LDJ:P:1743;LDJHX31BR;Porte-plante tricycle marron patiné - Une touche vintage pour vos fleurs;49,9;20;Porte plante et pot;./products/1743.jpg
354;1450;LDJ:P:1450;LDJ030201;Pot style ancien forme visage vieillit;59,9;20;Porte plante et pot;./products/1450.jpg
355;1837;LDJ:P:1837;LDJ112233;Tuteur décoratif en métal forme de feuille - Finition rouille;28,9;20;Porte plante et pot;./products/1837.jpg
356;1803;LDJ:P:1803;LDJTZ90;Étagère à plantes ronde 2 niveaux en métal - Stand présentation plantes;139,0;20;Porte plante et pot;./products/1803.jpg
357;1720;LDJ:P:1720;LDJ10BR;Banc à bascule de jardin en métal patiné brun ancien;289,0;20;Rocking chairs;./products/1720.jpg
358;1721;LDJ:P:1721;LDJ77HX;Banc à bascule extérieur en métal marron patiné - Style romantique;289,0;20;Rocking chairs;./products/1721.jpg
359;1730;LDJ:P:1730;LDJ77HZ;Banc à bascule jardin romantique en métal patiné vert antique;289,0;20;Rocking chairs;./products/1730.jpg
360;329;LDJ:P:329;LDJ4846;Rocking chair Fauteuil à bascule en fer et fonte patinée gris vieilli extérieur;179,0;20;Rocking chairs;./products/329.jpg
361;1488;LDJ:P:1488;LDJ4845;Rocking-chair , banc à bascule deux places en fer et fonte patinée gris vieilli;289,0;20;Rocking chairs;./products/1488.jpg
362;1726;LDJ:P:1726;LDJ2BR;Rocking-chair de jardin 1 place en métal marron patiné avec médaillon en fonte;189,0;20;Rocking chairs;./products/1726.jpg
363;1725;LDJ:P:1725;LDJ1BR;Rocking-chair de jardin en métal marron patiné avec médaillons en fonte;299,0;20;Rocking chairs;./products/1725.jpg
364;1729;LDJ:P:1729;1729;Salon de jardin 2 places en fer forgé patiné vert-de-gris;329,0;20;Salons de jardin;./products/1729.jpg
365;1727;LDJ:P:1727;1727;Salon de jardin 4 places vert anglais en métal;459,0;20;Salons de jardin;./products/1727.jpg
366;1798;LDJ:P:1798;LDJ11320;Salon de jardin bistro 2 places en métal patiné vert antique;299,0;20;Salons de jardin;./products/1798.jpg
367;1480;LDJ:P:1480;LDJ78954;Salon de jardin bistro en fer 2 places vert patiné noir;289,0;20;Salons de jardin;./products/1480.jpg
368;927;LDJ:P:927;ID221006;Salon de jardin bistro fer et fonte patinée vert pliable;300,0;20;Salons de jardin;./products/927.jpg
369;1943;LDJ:P:1943;LDJ10117MARRON;Salon de jardin bistrot 2 places en métal marron patiné - pliable;289,9;20;Salons de jardin;./products/1943.jpg
370;824;LDJ:P:824;ID221002;Salon de jardin en fer forgé 2 places bistro pliable blanc patiné;329,0;20;Salons de jardin;./products/824.jpg
371;825;LDJ:P:825;ID221001;Salon de jardin en fer forgé 2 places pliable marron patiné;329,0;20;Salons de jardin;./products/825.jpg
372;1802;LDJ:P:1802;LDJDZ203;Salon de jardin gris antique 2 places en métal - Table ronde et chaises pliantes;289,0;20;Salons de jardin;./products/1802.jpg
373;1717;LDJ:P:1717;1717;Salon de jardin mange-debout en fer forgé - Table haute & 2 chaises esprit bistrot;389,0;20;Salons de jardin;./products/1717.jpg
374;1945;LDJ:P:1945;LDJRW1;Salon de jardin mange-debout en métal blanc patiné - 2 places;389,0;20;Salons de jardin;./products/1945.jpg
375;1604;LDJ:P:1604;LDJ233445;Arbre de vie feuilles et cœur marron et vert;49,9;20;Sculptures en metal exterieur;./products/1604.jpg
376;1602;LDJ:P:1602;LDJ233449;Arbre de vie mural en métal avec oiseaux marron Ø 51,5 cm;49,9;20;Sculptures en metal exterieur;./products/1602.jpg
377;1765;LDJ:P:1765;LDJ-arbre-métal;Arbre décoratif en métal rouillé - Sculpture de jardin XXL - H. 240 cm;489,0;20;Sculptures en metal exterieur;./products/1765.jpg
378;1821;LDJ:P:1821;LDJ408536;Grand héron en métal recyclé H100 cm - Sculpture d'oiseau décorative pour jardin et bassin;94,9;20;Sculptures en metal exterieur;./products/1821.jpg
379;1910;LDJ:P:1910;LDJTZ85;Grande rosace murale fleur de lys en métal - 95 cm;89,9;20;Sculptures en metal exterieur;./products/1910.jpg
380;1337;LDJ:P:1337;ID398736;Grande Silhouette Métal Coq pour Décoration Jardin;28,0;20;Sculptures en metal exterieur;./products/1337.jpg
381;1908;LDJ:P:1908;LDJ60021;Rose des vents murale en métal rouillé - 60 cm;59,9;20;Sculptures en metal exterieur;./products/1908.jpg
382;1820;LDJ:P:1820;LDJ400257;Sculpture de grue en métal recyclé H80 cm - Statue d'oiseau décorative de jardin;69,0;20;Sculptures en metal exterieur;./products/1820.jpg
383;1818;LDJ:P:1818;LDJ406266;Statue de girafe en métal recyclé H115 x L53 cm - Sculpture safari extérieure multicolore;119,0;20;Sculptures en metal exterieur;./products/1818.jpg
384;1914;LDJ:P:1914;LDJ10086;Suspension cœur arbre de vie en métal rouillé;25,9;20;Sculptures en metal exterieur;./products/1914.jpg
385;1906;LDJ:P:1906;LDJ10084;Suspension décorative arbre de vie en métal rouillé;25,9;20;Sculptures en metal exterieur;./products/1906.jpg
386;1909;LDJ:P:1909;LDJ10085;Suspension décorative oiseau sur branche en métal rouillé;25,9;20;Sculptures en metal exterieur;./products/1909.jpg
387;1309;LDJ:P:1309;ID1237834;Porte Tuyaux Murale avec Robinet Laiton;49,0;20;Ustensiles d arrosage;./products/1309.jpg
388;1306;LDJ:P:1306;Id 123894;Porte-tuyau mural en fonte marron 30 cm;39,0;20;Ustensiles d arrosage;./products/1306.jpg
389;1307;LDJ:P:1307;Id 123895;Porte-tuyau mural en fonte marron 31 cm;39,0;20;Ustensiles d arrosage;./products/1307.jpg